N	K	TruePrice	CM	FST	COS	MCFT1	MCFT2	SET
512	1	0.0351182	-41.9455	0.0351263	0.0351182	0.0243894	0.0351443	1
512	1	0.0351182	-41.9455	0.0351263	0.0351182	0.0241841	0.0348509	1
512	2	0.195762	-5.6018	0.195826	0.195762	0.185521	0.194824	1
512	3	0.477935	-1.11386	0.478062	0.477935	0.469931	0.47732	1
512	4	0.858846	0.259538	0.859002	0.858846	0.852394	0.857814	1
512	5	1.31904	1.04778	1.31917	1.31904	1.3168	1.32	1
512	6	1.84351	1.7047	1.84365	1.84351	1.83918	1.84043	1
512	7	2.42079	2.34325	2.42108	2.42079	2.41802	2.41738	1
512	8	3.04201	2.99566	3.04218	3.04201	3.04296	3.04119	1
512	9	3.7002	3.67108	3.70038	3.7002	3.70174	3.69902	1
512	10	4.38984	4.37062	4.39023	4.38984	4.39573	4.39194	1
512	11	5.10648	5.09349	5.10681	5.10648	5.11431	5.10883	1
512	12	5.84647	5.83743	5.84683	5.84647	5.85733	5.85098	1
512	13	6.60682	6.60038	6.60724	6.60682	6.61819	6.61169	1
512	14	7.38502	7.38032	7.38518	7.38502	7.39177	7.38195	1
512	15	8.17898	8.17542	8.17939	8.17898	8.18561	8.17538	1
512	16	8.98692	8.9842	8.98738	8.98692	9.00599	8.99327	1
512	17	9.80732	9.80523	9.80778	9.80732	9.82812	9.81404	1
512	18	10.6389	10.6373	10.6393	10.6389	10.6439	10.6283	1
512	19	11.4805	11.4792	11.4809	11.4805	11.495	11.4696	1
512	20	12.3311	12.3301	12.3314	12.3311	12.3592	12.3328	1
512	21	13.1899	13.1891	13.1903	13.1899	13.2192	13.1918	1
512	22	14.0562	14.0556	14.0566	14.0562	14.0876	14.0589	1
512	23	14.9292	14.9287	14.9295	14.9292	14.9615	14.9317	1
512	24	15.8085	15.8079	15.8089	15.8085	15.8395	15.8089	1
512	25	16.6934	16.6931	16.6938	16.6934	16.7226	16.6927	1
512	26	17.5835	17.5832	17.5837	17.5835	17.6226	17.5893	1
512	27	18.4785	18.4782	18.4789	18.4785	18.5046	18.4813	1
512	28	19.3778	19.3775	19.3783	19.3778	19.4091	19.3741	1
512	29	20.2813	20.2811	20.2816	20.2813	20.29	20.274	1
512	30	21.1885	21.1881	21.1887	21.1885	21.2394	21.2036	1
512	31	22.0992	22.099	22.0994	22.0992	22.1474	22.1109	1
512	32	23.0132	23.0131	23.0134	23.0132	23.0622	23.0257	1
512	33	23.9302	23.9301	23.9305	23.9302	23.9774	23.9404	1
512	34	24.8501	24.8498	24.8504	24.8501	24.8993	24.8618	1
512	35	25.7726	25.7724	25.7729	25.7726	25.8205	25.7724	1
512	36	26.6975	26.6974	26.6978	26.6975	26.7436	26.6992	1
512	37	27.6248	27.6248	27.625	27.6248	27.7386	27.6266	1
512	38	28.5543	28.5542	28.5544	28.5543	28.6914	28.5553	1
512	39	29.4858	29.4857	29.486	29.4858	29.6927	29.4927	1
512	40	30.4192	30.4191	30.4195	30.4192	30.6404	30.4221	1
512	41	31.3544	31.3543	31.3548	31.3544	31.6374	31.3537	1
512	42	32.2913	32.2912	32.2916	32.2913	32.5817	32.2838	1
512	43	33.2297	33.2297	33.23	33.2297	33.6039	33.2366	1
512	44	34.1697	34.1697	34.1699	34.1697	34.5435	34.169	1
512	45	35.1112	35.111	35.1115	35.1112	35.5239	35.0995	1
512	46	36.0539	36.0537	36.0543	36.0539	36.4867	36.0363	1
512	47	36.998	36.9978	36.9982	36.998	37.516	37.0183	1
512	48	37.9432	37.9431	37.9434	37.9432	38.4448	37.9464	1
512	49	38.8896	38.8896	38.8899	38.8896	39.4205	38.8899	1
512	50	39.8371	39.837	39.8374	39.8371	40.4111	39.8443	1
1024	1	0.0351182	0.0351219	0.035123	0.0351182	0.0243894	0.0351443	1
1024	1	0.0351182	0.0351219	0.035123	0.0351182	0.0241841	0.0348509	1
1024	2	0.195762	0.195798	0.195777	0.195762	0.185521	0.194824	1
1024	3	0.477935	0.477972	0.477966	0.477935	0.469931	0.47732	1
1024	4	0.858846	0.858935	0.858858	0.858846	0.852394	0.857814	1
1024	5	1.31904	1.31914	1.31908	1.31904	1.3168	1.32	1
1024	6	1.84351	1.84366	1.84358	1.84351	1.83918	1.84043	1
1024	7	2.42079	2.42092	2.42085	2.42079	2.41802	2.41738	1
1024	8	3.04201	3.04206	3.04208	3.04201	3.04296	3.04119	1
1024	9	3.7002	3.70033	3.70028	3.7002	3.70174	3.69902	1
1024	10	4.38984	4.38984	4.38994	4.38984	4.39573	4.39194	1
1024	11	5.10648	5.10661	5.1065	5.10648	5.11431	5.10883	1
1024	12	5.84647	5.84666	5.84652	5.84647	5.85733	5.85098	1
1024	13	6.60682	6.60705	6.60692	6.60682	6.61819	6.61169	1
1024	14	7.38502	7.38526	7.38513	7.38502	7.39177	7.38195	1
1024	15	8.17898	8.17915	8.17906	8.17898	8.18561	8.17538	1
1024	16	8.98692	8.98708	8.98704	8.98692	9.00599	8.99327	1
1024	17	9.80732	9.8075	9.80743	9.80732	9.82812	9.81404	1
1024	18	10.6389	10.6391	10.639	10.6389	10.6439	10.6283	1
1024	19	11.4805	11.4807	11.4806	11.4805	11.495	11.4696	1
1024	20	12.3311	12.3313	12.3312	12.3311	12.3592	12.3328	1
1024	21	13.1899	13.1902	13.19	13.1899	13.2192	13.1918	1
1024	22	14.0562	14.0565	14.0563	14.0562	14.0876	14.0589	1
1024	23	14.9292	14.9295	14.9294	14.9292	14.9615	14.9317	1
1024	24	15.8085	15.8085	15.8086	15.8085	15.8395	15.8089	1
1024	25	16.6934	16.6936	16.6934	16.6934	16.7226	16.6927	1
1024	26	17.5835	17.5837	17.5837	17.5835	17.6226	17.5893	1
1024	27	18.4785	18.4787	18.4786	18.4785	18.5046	18.4813	1
1024	28	19.3778	19.378	19.3779	19.3778	19.4091	19.3741	1
1024	29	20.2813	20.2815	20.2813	20.2813	20.29	20.274	1
1024	30	21.1885	21.1885	21.1886	21.1885	21.2394	21.2036	1
1024	31	22.0992	22.0994	22.0993	22.0992	22.1474	22.1109	1
1024	32	23.0132	23.0134	23.0133	23.0132	23.0622	23.0257	1
1024	33	23.9302	23.9304	23.9303	23.9302	23.9774	23.9404	1
1024	34	24.8501	24.8501	24.8501	24.8501	24.8993	24.8618	1
1024	35	25.7726	25.7727	25.7726	25.7726	25.8205	25.7724	1
1024	36	26.6975	26.6977	26.6976	26.6975	26.7436	26.6992	1
1024	37	27.6248	27.625	27.6249	27.6248	27.7386	27.6266	1
1024	38	28.5543	28.5545	28.5544	28.5543	28.6914	28.5553	1
1024	39	29.4858	29.486	29.4859	29.4858	29.6927	29.4927	1
1024	40	30.4192	30.4194	30.4192	30.4192	30.6404	30.4221	1
1024	41	31.3544	31.3546	31.3544	31.3544	31.6374	31.3537	1
1024	42	32.2913	32.2915	32.2913	32.2913	32.5817	32.2838	1
1024	43	33.2297	33.2299	33.2298	33.2297	33.6039	33.2366	1
1024	44	34.1697	34.1699	34.1698	34.1697	34.5435	34.169	1
1024	45	35.1112	35.1113	35.1112	35.1112	35.5239	35.0995	1
1024	46	36.0539	36.054	36.054	36.0539	36.4867	36.0363	1
1024	47	36.998	36.998	36.998	36.998	37.516	37.0183	1
1024	48	37.9432	37.9434	37.9433	37.9432	38.4448	37.9464	1
1024	49	38.8896	38.8898	38.8896	38.8896	39.4205	38.8899	1
1024	50	39.8371	39.8373	39.8371	39.8371	40.4111	39.8443	1
2048	1	0.0351182	0.0351221	0.0351192	0.0351182	0.0243894	0.0351443	1
2048	1	0.0351182	0.0351221	0.0351192	0.0351182	0.0241841	0.0348509	1
2048	2	0.195762	0.195798	0.195765	0.195762	0.185521	0.194824	1
2048	3	0.477935	0.477972	0.477941	0.477935	0.469931	0.47732	1
2048	4	0.858846	0.858935	0.858857	0.858846	0.852394	0.857814	1
2048	5	1.31904	1.31914	1.31905	1.31904	1.3168	1.32	1
2048	6	1.84351	1.84366	1.84353	1.84351	1.83918	1.84043	1
2048	7	2.42079	2.42092	2.42081	2.42079	2.41802	2.41738	1
2048	8	3.04201	3.04206	3.04201	3.04201	3.04296	3.04119	1
2048	9	3.7002	3.70033	3.70021	3.7002	3.70174	3.69902	1
2048	10	4.38984	4.38984	4.38987	4.38984	4.39573	4.39194	1
2048	11	5.10648	5.10661	5.1065	5.10648	5.11431	5.10883	1
2048	12	5.84647	5.84666	5.8465	5.84647	5.85733	5.85098	1
2048	13	6.60682	6.60705	6.60684	6.60682	6.61819	6.61169	1
2048	14	7.38502	7.38526	7.38505	7.38502	7.39177	7.38195	1
2048	15	8.17898	8.17915	8.179	8.17898	8.18561	8.17538	1
2048	16	8.98692	8.98708	8.98695	8.98692	9.00599	8.99327	1
2048	17	9.80732	9.8075	9.80734	9.80732	9.82812	9.81404	1
2048	18	10.6389	10.6391	10.6389	10.6389	10.6439	10.6283	1
2048	19	11.4805	11.4807	11.4805	11.4805	11.495	11.4696	1
2048	20	12.3311	12.3313	12.3311	12.3311	12.3592	12.3328	1
2048	21	13.1899	13.1902	13.1899	13.1899	13.2192	13.1918	1
2048	22	14.0562	14.0565	14.0562	14.0562	14.0876	14.0589	1
2048	23	14.9292	14.9295	14.9293	14.9292	14.9615	14.9317	1
2048	24	15.8085	15.8085	15.8085	15.8085	15.8395	15.8089	1
2048	25	16.6934	16.6936	16.6934	16.6934	16.7226	16.6927	1
2048	26	17.5835	17.5837	17.5836	17.5835	17.6226	17.5893	1
2048	27	18.4785	18.4787	18.4785	18.4785	18.5046	18.4813	1
2048	28	19.3778	19.378	19.3778	19.3778	19.4091	19.3741	1
2048	29	20.2813	20.2815	20.2813	20.2813	20.29	20.274	1
2048	30	21.1885	21.1885	21.1885	21.1885	21.2394	21.2036	1
2048	31	22.0992	22.0994	22.0992	22.0992	22.1474	22.1109	1
2048	32	23.0132	23.0134	23.0132	23.0132	23.0622	23.0257	1
2048	33	23.9302	23.9304	23.9302	23.9302	23.9774	23.9404	1
2048	34	24.8501	24.8501	24.8501	24.8501	24.8993	24.8618	1
2048	35	25.7726	25.7727	25.7726	25.7726	25.8205	25.7724	1
2048	36	26.6975	26.6977	26.6976	26.6975	26.7436	26.6992	1
2048	37	27.6248	27.625	27.6248	27.6248	27.7386	27.6266	1
2048	38	28.5543	28.5545	28.5543	28.5543	28.6914	28.5553	1
2048	39	29.4858	29.486	29.4858	29.4858	29.6927	29.4927	1
2048	40	30.4192	30.4194	30.4192	30.4192	30.6404	30.4221	1
2048	41	31.3544	31.3546	31.3544	31.3544	31.6374	31.3537	1
2048	42	32.2913	32.2915	32.2913	32.2913	32.5817	32.2838	1
2048	43	33.2297	33.2299	33.2298	33.2297	33.6039	33.2366	1
2048	44	34.1697	34.1699	34.1698	34.1697	34.5435	34.169	1
2048	45	35.1112	35.1113	35.1112	35.1112	35.5239	35.0995	1
2048	46	36.0539	36.054	36.0539	36.0539	36.4867	36.0363	1
2048	47	36.998	36.998	36.998	36.998	37.516	37.0183	1
2048	48	37.9432	37.9434	37.9432	37.9432	38.4448	37.9464	1
2048	49	38.8896	38.8898	38.8896	38.8896	39.4205	38.8899	1
2048	50	39.8371	39.8373	39.8371	39.8371	40.4111	39.8443	1
4096	1	0.0351182	0.0351221	0.0351183	0.0351182	0.0243894	0.0351443	1
4096	1	0.0351182	0.0351221	0.0351183	0.0351182	0.0241841	0.0348509	1
4096	2	0.195762	0.195798	0.195763	0.195762	0.185521	0.194824	1
4096	3	0.477935	0.477972	0.477937	0.477935	0.469931	0.47732	1
4096	4	0.858846	0.858935	0.858848	0.858846	0.852394	0.857814	1
4096	5	1.31904	1.31914	1.31904	1.31904	1.3168	1.32	1
4096	6	1.84351	1.84366	1.84352	1.84351	1.83918	1.84043	1
4096	7	2.42079	2.42092	2.4208	2.42079	2.41802	2.41738	1
4096	8	3.04201	3.04206	3.04201	3.04201	3.04296	3.04119	1
4096	9	3.7002	3.70033	3.7002	3.7002	3.70174	3.69902	1
4096	10	4.38984	4.38984	4.38985	4.38984	4.39573	4.39194	1
4096	11	5.10648	5.10661	5.10649	5.10648	5.11431	5.10883	1
4096	12	5.84647	5.84666	5.84648	5.84647	5.85733	5.85098	1
4096	13	6.60682	6.60705	6.60682	6.60682	6.61819	6.61169	1
4096	14	7.38502	7.38526	7.38503	7.38502	7.39177	7.38195	1
4096	15	8.17898	8.17915	8.17899	8.17898	8.18561	8.17538	1
4096	16	8.98692	8.98708	8.98693	8.98692	9.00599	8.99327	1
4096	17	9.80732	9.8075	9.80733	9.80732	9.82812	9.81404	1
4096	18	10.6389	10.6391	10.6389	10.6389	10.6439	10.6283	1
4096	19	11.4805	11.4807	11.4805	11.4805	11.495	11.4696	1
4096	20	12.3311	12.3313	12.3311	12.3311	12.3592	12.3328	1
4096	21	13.1899	13.1902	13.1899	13.1899	13.2192	13.1918	1
4096	22	14.0562	14.0565	14.0562	14.0562	14.0876	14.0589	1
4096	23	14.9292	14.9295	14.9293	14.9292	14.9615	14.9317	1
4096	24	15.8085	15.8085	15.8085	15.8085	15.8395	15.8089	1
4096	25	16.6934	16.6936	16.6934	16.6934	16.7226	16.6927	1
4096	26	17.5835	17.5837	17.5836	17.5835	17.6226	17.5893	1
4096	27	18.4785	18.4787	18.4785	18.4785	18.5046	18.4813	1
4096	28	19.3778	19.378	19.3778	19.3778	19.4091	19.3741	1
4096	29	20.2813	20.2815	20.2813	20.2813	20.29	20.274	1
4096	30	21.1885	21.1885	21.1885	21.1885	21.2394	21.2036	1
4096	31	22.0992	22.0994	22.0992	22.0992	22.1474	22.1109	1
4096	32	23.0132	23.0134	23.0132	23.0132	23.0622	23.0257	1
4096	33	23.9302	23.9304	23.9302	23.9302	23.9774	23.9404	1
4096	34	24.8501	24.8501	24.8501	24.8501	24.8993	24.8618	1
4096	35	25.7726	25.7727	25.7726	25.7726	25.8205	25.7724	1
4096	36	26.6975	26.6977	26.6975	26.6975	26.7436	26.6992	1
4096	37	27.6248	27.625	27.6248	27.6248	27.7386	27.6266	1
4096	38	28.5543	28.5545	28.5543	28.5543	28.6914	28.5553	1
4096	39	29.4858	29.486	29.4858	29.4858	29.6927	29.4927	1
4096	40	30.4192	30.4194	30.4192	30.4192	30.6404	30.4221	1
4096	41	31.3544	31.3546	31.3544	31.3544	31.6374	31.3537	1
4096	42	32.2913	32.2915	32.2913	32.2913	32.5817	32.2838	1
4096	43	33.2297	33.2299	33.2297	33.2297	33.6039	33.2366	1
4096	44	34.1697	34.1699	34.1697	34.1697	34.5435	34.169	1
4096	45	35.1112	35.1113	35.1112	35.1112	35.5239	35.0995	1
4096	46	36.0539	36.054	36.0539	36.0539	36.4867	36.0363	1
4096	47	36.998	36.998	36.998	36.998	37.516	37.0183	1
4096	48	37.9432	37.9434	37.9432	37.9432	38.4448	37.9464	1
4096	49	38.8896	38.8898	38.8896	38.8896	39.4205	38.8899	1
4096	50	39.8371	39.8373	39.8371	39.8371	40.4111	39.8443	1
8192	1	0.0351182	0.0351221	0.0351182	0.0351182	0.0243894	0.0351443	1
8192	1	0.0351182	0.0351221	0.0351182	0.0351182	0.0241841	0.0348509	1
8192	2	0.195762	0.195798	0.195763	0.195762	0.185521	0.194824	1
8192	3	0.477935	0.477972	0.477936	0.477935	0.469931	0.47732	1
8192	4	0.858846	0.858935	0.858846	0.858846	0.852394	0.857814	1
8192	5	1.31904	1.31914	1.31904	1.31904	1.3168	1.32	1
8192	6	1.84351	1.84366	1.84352	1.84351	1.83918	1.84043	1
8192	7	2.42079	2.42092	2.42079	2.42079	2.41802	2.41738	1
8192	8	3.04201	3.04206	3.04201	3.04201	3.04296	3.04119	1
8192	9	3.7002	3.70033	3.7002	3.7002	3.70174	3.69902	1
8192	10	4.38984	4.38984	4.38984	4.38984	4.39573	4.39194	1
8192	11	5.10648	5.10661	5.10648	5.10648	5.11431	5.10883	1
8192	12	5.84647	5.84666	5.84647	5.84647	5.85733	5.85098	1
8192	13	6.60682	6.60705	6.60682	6.60682	6.61819	6.61169	1
8192	14	7.38502	7.38526	7.38502	7.38502	7.39177	7.38195	1
8192	15	8.17898	8.17915	8.17898	8.17898	8.18561	8.17538	1
8192	16	8.98692	8.98708	8.98692	8.98692	9.00599	8.99327	1
8192	17	9.80732	9.8075	9.80733	9.80732	9.82812	9.81404	1
8192	18	10.6389	10.6391	10.6389	10.6389	10.6439	10.6283	1
8192	19	11.4805	11.4807	11.4805	11.4805	11.495	11.4696	1
8192	20	12.3311	12.3313	12.3311	12.3311	12.3592	12.3328	1
8192	21	13.1899	13.1902	13.1899	13.1899	13.2192	13.1918	1
8192	22	14.0562	14.0565	14.0562	14.0562	14.0876	14.0589	1
8192	23	14.9292	14.9295	14.9292	14.9292	14.9615	14.9317	1
8192	24	15.8085	15.8085	15.8085	15.8085	15.8395	15.8089	1
8192	25	16.6934	16.6936	16.6934	16.6934	16.7226	16.6927	1
8192	26	17.5835	17.5837	17.5835	17.5835	17.6226	17.5893	1
8192	27	18.4785	18.4787	18.4785	18.4785	18.5046	18.4813	1
8192	28	19.3778	19.378	19.3778	19.3778	19.4091	19.3741	1
8192	29	20.2813	20.2815	20.2813	20.2813	20.29	20.274	1
8192	30	21.1885	21.1885	21.1885	21.1885	21.2394	21.2036	1
8192	31	22.0992	22.0994	22.0992	22.0992	22.1474	22.1109	1
8192	32	23.0132	23.0134	23.0132	23.0132	23.0622	23.0257	1
8192	33	23.9302	23.9304	23.9302	23.9302	23.9774	23.9404	1
8192	34	24.8501	24.8501	24.8501	24.8501	24.8993	24.8618	1
8192	35	25.7726	25.7727	25.7726	25.7726	25.8205	25.7724	1
8192	36	26.6975	26.6977	26.6975	26.6975	26.7436	26.6992	1
8192	37	27.6248	27.625	27.6248	27.6248	27.7386	27.6266	1
8192	38	28.5543	28.5545	28.5543	28.5543	28.6914	28.5553	1
8192	39	29.4858	29.486	29.4858	29.4858	29.6927	29.4927	1
8192	40	30.4192	30.4194	30.4192	30.4192	30.6404	30.4221	1
8192	41	31.3544	31.3546	31.3544	31.3544	31.6374	31.3537	1
8192	42	32.2913	32.2915	32.2913	32.2913	32.5817	32.2838	1
8192	43	33.2297	33.2299	33.2297	33.2297	33.6039	33.2366	1
8192	44	34.1697	34.1699	34.1697	34.1697	34.5435	34.169	1
8192	45	35.1112	35.1113	35.1112	35.1112	35.5239	35.0995	1
8192	46	36.0539	36.054	36.0539	36.0539	36.4867	36.0363	1
8192	47	36.998	36.998	36.998	36.998	37.516	37.0183	1
8192	48	37.9432	37.9434	37.9432	37.9432	38.4448	37.9464	1
8192	49	38.8896	38.8898	38.8896	38.8896	39.4205	38.8899	1
8192	50	39.8371	39.8373	39.8371	39.8371	40.4111	39.8443	1
512	80	3.71703	3.71612	3.72159	3.71703	3.39769	3.72221	2
512	80.8	3.90209	3.90476	3.90935	3.90209	3.5892	3.90765	2
512	81.6	4.09333	4.0934	4.10252	4.09333	3.78717	4.08734	2
512	82.4	4.29085	4.29263	4.29569	4.29085	3.98219	4.28499	2
512	83.2	4.49468	4.49735	4.50257	4.49468	4.19281	4.48892	2
512	84	4.7049	4.70322	4.71496	4.7049	4.40593	4.70215	2
512	84.8	4.92156	4.92481	4.92736	4.92156	4.6299	4.91846	2
512	85.6	5.14471	5.14641	5.15267	5.14471	4.86765	5.14689	2
512	86.4	5.37438	5.37526	5.38537	5.37438	5.10652	5.37662	2
512	87.2	5.61063	5.61449	5.61806	5.61063	5.34635	5.60272	2
512	88	5.85348	5.85371	5.86071	5.85348	5.58911	5.84483	2
512	88.8	6.10296	6.10553	6.11468	6.10296	5.84105	6.09351	2
512	89.6	6.3591	6.36307	6.36865	6.3591	6.12539	6.37177	2
512	90.4	6.62192	6.6206	6.62715	6.62192	6.39049	6.63469	2
512	91.2	6.89142	6.89507	6.90325	6.89142	6.66829	6.89873	2
512	92	7.16763	7.17152	7.17935	7.16763	6.9576	7.17548	2
512	92.8	7.45054	7.44859	7.45544	7.45054	7.24297	7.46048	2
512	93.6	7.74015	7.74447	7.75083	7.74015	7.54829	7.75035	2
512	94.4	8.03645	8.04034	8.04976	8.03645	7.84637	8.04691	2
512	95.2	8.33945	8.33812	8.34869	8.33945	8.14205	8.32982	2
512	96	8.64911	8.65383	8.6566	8.64911	8.45255	8.63891	2
512	96.8	8.96543	8.96953	8.9789	8.96543	8.79366	8.96277	2
512	97.6	9.28837	9.28697	9.30119	9.28837	9.12	9.28527	2
512	98.4	9.61792	9.62279	9.62349	9.61792	9.45699	9.62634	2
512	99.2	9.95404	9.95861	9.96526	9.95404	9.81063	9.96276	2
512	100	10.2967	10.2944	10.3113	10.2967	10.1696	10.3061	2
512	100.8	10.6458	10.6505	10.6573	10.6458	10.5438	10.6726	2
512	101.6	11.0014	11.0066	11.0069	11.0014	10.9028	11.0289	2
512	102.4	11.3634	11.3628	11.3767	11.3634	11.2333	11.3487	2
512	103.2	11.7318	11.7358	11.7466	11.7318	11.6175	11.7167	2
512	104	12.1064	12.1123	12.1164	12.1064	11.9993	12.1174	2
512	104.8	12.4873	12.4887	12.4952	12.4873	12.4028	12.4986	2
512	105.6	12.8744	12.8771	12.8888	12.8744	12.799	12.8863	2
512	106.4	13.2676	13.2737	13.2824	13.2676	13.1948	13.2686	2
512	107.2	13.6669	13.6704	13.676	13.6669	13.6026	13.6675	2
512	108	14.0722	14.0723	14.081	14.0722	14.0115	14.0824	2
512	108.8	14.4833	14.489	14.4981	14.4833	14.4326	14.4939	2
512	109.6	14.9004	14.9057	14.9153	14.9004	14.8666	14.9249	2
512	110.4	15.3232	15.3223	15.3324	15.3232	15.3114	15.3481	2
512	111.2	15.7517	15.7558	15.7605	15.7517	15.7319	15.7755	2
512	112	16.1859	16.1921	16.2006	16.1859	16.1803	16.2102	2
512	112.8	16.6256	16.6285	16.6408	16.6256	16.6368	16.6505	2
512	113.6	17.0708	17.0716	17.081	17.0708	17.0921	17.0979	2
512	114.4	17.5214	17.5272	17.5289	17.5214	17.5574	17.5487	2
512	115.2	17.9774	17.9828	17.9915	17.9774	17.9766	17.9735	2
512	116	18.4386	18.4383	18.454	18.4386	18.4555	18.4339	2
512	116.8	18.9049	18.9083	18.9165	18.9049	18.9318	18.923	2
512	117.6	19.3763	19.3825	19.3812	19.3763	19.4312	19.3948	2
512	118.4	19.8527	19.8567	19.8653	19.8527	19.9133	19.8713	2
512	119.2	20.3341	20.3326	20.3495	20.3341	20.3864	20.3427	2
512	120	20.8202	20.8249	20.8336	20.8202	20.8774	20.8285	2
1024	80	3.71703	3.71837	3.71892	3.71703	3.39769	3.72221	2
1024	80.8	3.90209	3.90701	3.90291	3.90209	3.5892	3.90765	2
1024	81.6	4.09333	4.09566	4.09554	4.09333	3.78717	4.08734	2
1024	82.4	4.29085	4.29489	4.29296	4.29085	3.98219	4.28499	2
1024	83.2	4.49468	4.49961	4.49561	4.49468	4.19281	4.48892	2
1024	84	4.7049	4.70547	4.70735	4.7049	4.40593	4.70215	2
1024	84.8	4.92156	4.92707	4.92371	4.92156	4.6299	4.91846	2
1024	85.6	5.14471	5.14867	5.14612	5.14471	4.86765	5.14689	2
1024	86.4	5.37438	5.37752	5.37712	5.37438	5.10652	5.37662	2
1024	87.2	5.61063	5.61674	5.61247	5.61063	5.34635	5.60272	2
1024	88	5.85348	5.85597	5.85566	5.85348	5.58911	5.84483	2
1024	88.8	6.10296	6.10779	6.10582	6.10296	5.84105	6.09351	2
1024	89.6	6.3591	6.36532	6.35995	6.3591	6.12539	6.37177	2
1024	90.4	6.62192	6.62286	6.62485	6.62192	6.39049	6.63469	2
1024	91.2	6.89142	6.89733	6.89381	6.89142	6.66829	6.89873	2
1024	92	7.16763	7.17378	7.16986	7.16763	6.9576	7.17548	2
1024	92.8	7.45054	7.45085	7.45368	7.45054	7.24297	7.46048	2
1024	93.6	7.74015	7.74672	7.74107	7.74015	7.54829	7.75035	2
1024	94.4	8.03645	8.0426	8.03974	8.03645	7.84637	8.04691	2
1024	95.2	8.33945	8.34038	8.34156	8.33945	8.14205	8.32982	2
1024	96	8.64911	8.65608	8.65206	8.64911	8.45255	8.63891	2
1024	96.8	8.96543	8.97179	8.96841	8.96543	8.79366	8.96277	2
1024	97.6	9.28837	9.28922	9.29065	9.28837	9.12	9.28527	2
1024	98.4	9.61792	9.62505	9.62138	9.61792	9.45699	9.62634	2
1024	99.2	9.95404	9.96087	9.95543	9.95404	9.81063	9.96276	2
1024	100	10.2967	10.2967	10.3003	10.2967	10.1696	10.3061	2
1024	100.8	10.6458	10.6528	10.6472	10.6458	10.5438	10.6726	2
1024	101.6	11.0014	11.0089	11.0051	11.0014	10.9028	11.0289	2
1024	102.4	11.3634	11.365	11.3655	11.3634	11.2333	11.3487	2
1024	103.2	11.7318	11.7381	11.7353	11.7318	11.6175	11.7167	2
1024	104	12.1064	12.1145	12.109	12.1064	11.9993	12.1174	2
1024	104.8	12.4873	12.4909	12.4907	12.4873	12.4028	12.4986	2
1024	105.6	12.8744	12.8793	12.8773	12.8744	12.799	12.8863	2
1024	106.4	13.2676	13.276	13.2709	13.2676	13.1948	13.2686	2
1024	107.2	13.6669	13.6726	13.67	13.6669	13.6026	13.6675	2
1024	108	14.0722	14.0746	14.0753	14.0722	14.0115	14.0824	2
1024	108.8	14.4833	14.4913	14.4865	14.4833	14.4326	14.4939	2
1024	109.6	14.9004	14.9079	14.9035	14.9004	14.8666	14.9249	2
1024	110.4	15.3232	15.3246	15.3264	15.3232	15.3114	15.3481	2
1024	111.2	15.7517	15.758	15.755	15.7517	15.7319	15.7755	2
1024	112	16.1859	16.1944	16.1889	16.1859	16.1803	16.2102	2
1024	112.8	16.6256	16.6307	16.629	16.6256	16.6368	16.6505	2
1024	113.6	17.0708	17.0739	17.0737	17.0708	17.0921	17.0979	2
1024	114.4	17.5214	17.5295	17.525	17.5214	17.5574	17.5487	2
1024	115.2	17.9774	17.985	17.9798	17.9774	17.9766	17.9735	2
1024	116	18.4386	18.4406	18.4423	18.4386	18.4555	18.4339	2
1024	116.8	18.9049	18.9105	18.9068	18.9049	18.9318	18.923	2
1024	117.6	19.3763	19.3847	19.3801	19.3763	19.4312	19.3948	2
1024	118.4	19.8527	19.859	19.8539	19.8527	19.9133	19.8713	2
1024	119.2	20.3341	20.3349	20.3379	20.3341	20.3864	20.3427	2
1024	120	20.8202	20.8271	20.8219	20.8202	20.8774	20.8285	2
2048	80	3.71703	3.71837	3.71725	3.71703	3.39769	3.72221	2
2048	80.8	3.90209	3.90701	3.90264	3.90209	3.5892	3.90765	2
2048	81.6	4.09333	4.09566	4.09381	4.09333	3.78717	4.08734	2
2048	82.4	4.29085	4.29489	4.29113	4.29085	3.98219	4.28499	2
2048	83.2	4.49468	4.49961	4.49528	4.49468	4.19281	4.48892	2
2048	84	4.7049	4.70547	4.70546	4.7049	4.40593	4.70215	2
2048	84.8	4.92156	4.92707	4.92173	4.92156	4.6299	4.91846	2
2048	85.6	5.14471	5.14867	5.14528	5.14471	4.86765	5.14689	2
2048	86.4	5.37438	5.37752	5.37506	5.37438	5.10652	5.37662	2
2048	87.2	5.61063	5.61674	5.61113	5.61063	5.34635	5.60272	2
2048	88	5.85348	5.85597	5.85377	5.85348	5.58911	5.84483	2
2048	88.8	6.10296	6.10779	6.1036	6.10296	5.84105	6.09351	2
2048	89.6	6.3591	6.36532	6.35985	6.3591	6.12539	6.37177	2
2048	90.4	6.62192	6.62286	6.62256	6.62192	6.39049	6.63469	2
2048	91.2	6.89142	6.89733	6.89177	6.89142	6.66829	6.89873	2
2048	92	7.16763	7.17378	7.16808	7.16763	6.9576	7.17548	2
2048	92.8	7.45054	7.45085	7.45125	7.45054	7.24297	7.46048	2
2048	93.6	7.74015	7.74672	7.74096	7.74015	7.54829	7.75035	2
2048	94.4	8.03645	8.0426	8.03724	8.03645	7.84637	8.04691	2
2048	95.2	8.33945	8.34038	8.34008	8.33945	8.14205	8.32982	2
2048	96	8.64911	8.65608	8.64949	8.64911	8.45255	8.63891	2
2048	96.8	8.96543	8.97179	8.9658	8.96543	8.79366	8.96277	2
2048	97.6	9.28837	9.28922	9.28899	9.28837	9.12	9.28527	2
2048	98.4	9.61792	9.62505	9.6187	9.61792	9.45699	9.62634	2
2048	99.2	9.95404	9.96087	9.95491	9.95404	9.81063	9.96276	2
2048	100	10.2967	10.2967	10.2976	10.2967	10.1696	10.3061	2
2048	100.8	10.6458	10.6528	10.6467	10.6458	10.5438	10.6726	2
2048	101.6	11.0014	11.0089	11.0023	11.0014	10.9028	11.0289	2
2048	102.4	11.3634	11.365	11.3642	11.3634	11.2333	11.3487	2
2048	103.2	11.7318	11.7381	11.7325	11.7318	11.6175	11.7167	2
2048	104	12.1064	12.1145	12.107	12.1064	11.9993	12.1174	2
2048	104.8	12.4873	12.4909	12.4878	12.4873	12.4028	12.4986	2
2048	105.6	12.8744	12.8793	12.8748	12.8744	12.799	12.8863	2
2048	106.4	13.2676	13.276	13.268	13.2676	13.1948	13.2686	2
2048	107.2	13.6669	13.6726	13.6672	13.6669	13.6026	13.6675	2
2048	108	14.0722	14.0746	14.0724	14.0722	14.0115	14.0824	2
2048	108.8	14.4833	14.4913	14.4836	14.4833	14.4326	14.4939	2
2048	109.6	14.9004	14.9079	14.9007	14.9004	14.8666	14.9249	2
2048	110.4	15.3232	15.3246	15.3235	15.3232	15.3114	15.3481	2
2048	111.2	15.7517	15.758	15.752	15.7517	15.7319	15.7755	2
2048	112	16.1859	16.1944	16.1862	16.1859	16.1803	16.2102	2
2048	112.8	16.6256	16.6307	16.626	16.6256	16.6368	16.6505	2
2048	113.6	17.0708	17.0739	17.0713	17.0708	17.0921	17.0979	2
2048	114.4	17.5214	17.5295	17.522	17.5214	17.5574	17.5487	2
2048	115.2	17.9774	17.985	17.9781	17.9774	17.9766	17.9735	2
2048	116	18.4386	18.4406	18.4393	18.4386	18.4555	18.4339	2
2048	116.8	18.9049	18.9105	18.9057	18.9049	18.9318	18.923	2
2048	117.6	19.3763	19.3847	19.3772	19.3763	19.4312	19.3948	2
2048	118.4	19.8527	19.859	19.8537	19.8527	19.9133	19.8713	2
2048	119.2	20.3341	20.3349	20.335	20.3341	20.3864	20.3427	2
2048	120	20.8202	20.8271	20.8211	20.8202	20.8774	20.8285	2
4096	80	3.71703	3.71837	3.71717	3.71703	3.39769	3.72221	2
4096	80.8	3.90209	3.90701	3.90221	3.90209	3.5892	3.90765	2
4096	81.6	4.09333	4.09566	4.09338	4.09333	3.78717	4.08734	2
4096	82.4	4.29085	4.29489	4.29099	4.29085	3.98219	4.28499	2
4096	83.2	4.49468	4.49961	4.49482	4.49468	4.19281	4.48892	2
4096	84	4.7049	4.70547	4.70499	4.7049	4.40593	4.70215	2
4096	84.8	4.92156	4.92707	4.92173	4.92156	4.6299	4.91846	2
4096	85.6	5.14471	5.14867	5.14477	5.14471	4.86765	5.14689	2
4096	86.4	5.37438	5.37752	5.37455	5.37438	5.10652	5.37662	2
4096	87.2	5.61063	5.61674	5.61073	5.61063	5.34635	5.60272	2
4096	88	5.85348	5.85597	5.85365	5.85348	5.58911	5.84483	2
4096	88.8	6.10296	6.10779	6.10305	6.10296	5.84105	6.09351	2
4096	89.6	6.3591	6.36532	6.35929	6.3591	6.12539	6.37177	2
4096	90.4	6.62192	6.62286	6.622	6.62192	6.39049	6.63469	2
4096	91.2	6.89142	6.89733	6.89161	6.89142	6.66829	6.89873	2
4096	92	7.16763	7.17378	7.16779	7.16763	6.9576	7.17548	2
4096	92.8	7.45054	7.45085	7.45064	7.45054	7.24297	7.46048	2
4096	93.6	7.74015	7.74672	7.74035	7.74015	7.54829	7.75035	2
4096	94.4	8.03645	8.0426	8.03662	8.03645	7.84637	8.04691	2
4096	95.2	8.33945	8.34038	8.33954	8.33945	8.14205	8.32982	2
4096	96	8.64911	8.65608	8.64931	8.64911	8.45255	8.63891	2
4096	96.8	8.96543	8.97179	8.96564	8.96543	8.79366	8.96277	2
4096	97.6	9.28837	9.28922	9.28851	9.28837	9.12	9.28527	2
4096	98.4	9.61792	9.62505	9.61804	9.61792	9.45699	9.62634	2
4096	99.2	9.95404	9.96087	9.95424	9.95404	9.81063	9.96276	2
4096	100	10.2967	10.2967	10.2969	10.2967	10.1696	10.3061	2
4096	100.8	10.6458	10.6528	10.646	10.6458	10.5438	10.6726	2
4096	101.6	11.0014	11.0089	11.0016	11.0014	10.9028	11.0289	2
4096	102.4	11.3634	11.365	11.3635	11.3634	11.2333	11.3487	2
4096	103.2	11.7318	11.7381	11.7319	11.7318	11.6175	11.7167	2
4096	104	12.1064	12.1145	12.1066	12.1064	11.9993	12.1174	2
4096	104.8	12.4873	12.4909	12.4875	12.4873	12.4028	12.4986	2
4096	105.6	12.8744	12.8793	12.8746	12.8744	12.799	12.8863	2
4096	106.4	13.2676	13.276	13.2679	13.2676	13.1948	13.2686	2
4096	107.2	13.6669	13.6726	13.6671	13.6669	13.6026	13.6675	2
4096	108	14.0722	14.0746	14.0724	14.0722	14.0115	14.0824	2
4096	108.8	14.4833	14.4913	14.4836	14.4833	14.4326	14.4939	2
4096	109.6	14.9004	14.9079	14.9006	14.9004	14.8666	14.9249	2
4096	110.4	15.3232	15.3246	15.3234	15.3232	15.3114	15.3481	2
4096	111.2	15.7517	15.758	15.752	15.7517	15.7319	15.7755	2
4096	112	16.1859	16.1944	16.1861	16.1859	16.1803	16.2102	2
4096	112.8	16.6256	16.6307	16.6259	16.6256	16.6368	16.6505	2
4096	113.6	17.0708	17.0739	17.0711	17.0708	17.0921	17.0979	2
4096	114.4	17.5214	17.5295	17.5216	17.5214	17.5574	17.5487	2
4096	115.2	17.9774	17.985	17.9775	17.9774	17.9766	17.9735	2
4096	116	18.4386	18.4406	18.4386	18.4386	18.4555	18.4339	2
4096	116.8	18.9049	18.9105	18.905	18.9049	18.9318	18.923	2
4096	117.6	19.3763	19.3847	19.3765	19.3763	19.4312	19.3948	2
4096	118.4	19.8527	19.859	19.853	19.8527	19.9133	19.8713	2
4096	119.2	20.3341	20.3349	20.3343	20.3341	20.3864	20.3427	2
4096	120	20.8202	20.8271	20.8204	20.8202	20.8774	20.8285	2
8192	80	3.71703	3.71837	3.71706	3.71703	3.39769	3.72221	2
8192	80.8	3.90209	3.90701	3.9021	3.90209	3.5892	3.90765	2
8192	81.6	4.09333	4.09566	4.09337	4.09333	3.78717	4.08734	2
8192	82.4	4.29085	4.29489	4.29087	4.29085	3.98219	4.28499	2
8192	83.2	4.49468	4.49961	4.4947	4.49468	4.19281	4.48892	2
8192	84	4.7049	4.70547	4.70494	4.7049	4.40593	4.70215	2
8192	84.8	4.92156	4.92707	4.9216	4.92156	4.6299	4.91846	2
8192	85.6	5.14471	5.14867	5.14475	5.14471	4.86765	5.14689	2
8192	86.4	5.37438	5.37752	5.37442	5.37438	5.10652	5.37662	2
8192	87.2	5.61063	5.61674	5.61067	5.61063	5.34635	5.60272	2
8192	88	5.85348	5.85597	5.85352	5.85348	5.58911	5.84483	2
8192	88.8	6.10296	6.10779	6.10301	6.10296	5.84105	6.09351	2
8192	89.6	6.3591	6.36532	6.35915	6.3591	6.12539	6.37177	2
8192	90.4	6.62192	6.62286	6.62197	6.62192	6.39049	6.63469	2
8192	91.2	6.89142	6.89733	6.89146	6.89142	6.66829	6.89873	2
8192	92	7.16763	7.17378	7.16765	7.16763	6.9576	7.17548	2
8192	92.8	7.45054	7.45085	7.45058	7.45054	7.24297	7.46048	2
8192	93.6	7.74015	7.74672	7.7402	7.74015	7.54829	7.75035	2
8192	94.4	8.03645	8.0426	8.03647	8.03645	7.84637	8.04691	2
8192	95.2	8.33945	8.34038	8.3395	8.33945	8.14205	8.32982	2
8192	96	8.64911	8.65608	8.64915	8.64911	8.45255	8.63891	2
8192	96.8	8.96543	8.97179	8.96547	8.96543	8.79366	8.96277	2
8192	97.6	9.28837	9.28922	9.28842	9.28837	9.12	9.28527	2
8192	98.4	9.61792	9.62505	9.61797	9.61792	9.45699	9.62634	2
8192	99.2	9.95404	9.96087	9.95407	9.95404	9.81063	9.96276	2
8192	100	10.2967	10.2967	10.2967	10.2967	10.1696	10.3061	2
8192	100.8	10.6458	10.6528	10.6459	10.6458	10.5438	10.6726	2
8192	101.6	11.0014	11.0089	11.0015	11.0014	10.9028	11.0289	2
8192	102.4	11.3634	11.365	11.3635	11.3634	11.2333	11.3487	2
8192	103.2	11.7318	11.7381	11.7318	11.7318	11.6175	11.7167	2
8192	104	12.1064	12.1145	12.1065	12.1064	11.9993	12.1174	2
8192	104.8	12.4873	12.4909	12.4874	12.4873	12.4028	12.4986	2
8192	105.6	12.8744	12.8793	12.8745	12.8744	12.799	12.8863	2
8192	106.4	13.2676	13.276	13.2677	13.2676	13.1948	13.2686	2
8192	107.2	13.6669	13.6726	13.667	13.6669	13.6026	13.6675	2
8192	108	14.0722	14.0746	14.0722	14.0722	14.0115	14.0824	2
8192	108.8	14.4833	14.4913	14.4834	14.4833	14.4326	14.4939	2
8192	109.6	14.9004	14.9079	14.9004	14.9004	14.8666	14.9249	2
8192	110.4	15.3232	15.3246	15.3233	15.3232	15.3114	15.3481	2
8192	111.2	15.7517	15.758	15.7518	15.7517	15.7319	15.7755	2
8192	112	16.1859	16.1944	16.186	16.1859	16.1803	16.2102	2
8192	112.8	16.6256	16.6307	16.6257	16.6256	16.6368	16.6505	2
8192	113.6	17.0708	17.0739	17.0709	17.0708	17.0921	17.0979	2
8192	114.4	17.5214	17.5295	17.5215	17.5214	17.5574	17.5487	2
8192	115.2	17.9774	17.985	17.9774	17.9774	17.9766	17.9735	2
8192	116	18.4386	18.4406	18.4386	18.4386	18.4555	18.4339	2
8192	116.8	18.9049	18.9105	18.9049	18.9049	18.9318	18.923	2
8192	117.6	19.3763	19.3847	19.3763	19.3763	19.4312	19.3948	2
8192	118.4	19.8527	19.859	19.8528	19.8527	19.9133	19.8713	2
8192	119.2	20.3341	20.3349	20.3341	20.3341	20.3864	20.3427	2
8192	120	20.8202	20.8271	20.8203	20.8202	20.8774	20.8285	2
512	80	6.30372	6.30096	6.30816	6.30372	5.87633	6.28913	3
512	80.8	6.536	6.53679	6.54309	6.536	6.11618	6.52115	3
512	81.6	6.77433	6.77262	6.7833	6.77433	6.36594	6.76103	3
512	82.4	7.01877	7.01881	7.02351	7.01877	6.61365	7.00532	3
512	83.2	7.26941	7.27036	7.27716	7.26941	6.87432	7.25565	3
512	84	7.52632	7.52304	7.53623	7.52632	7.13633	7.51249	3
512	84.8	7.78957	7.79121	7.79529	7.78957	7.39917	7.77545	3
512	85.6	8.05923	8.05938	8.06714	8.05923	7.6732	8.0402	3
512	86.4	8.33536	8.33476	8.34629	8.33536	7.95031	8.31593	3
512	87.2	8.61803	8.62045	8.62545	8.61803	8.26288	8.61368	3
512	88	8.9073	8.90613	8.91457	8.9073	8.56259	8.90266	3
512	88.8	9.20323	9.20448	9.21505	9.20323	8.85875	9.18308	3
512	89.6	9.50587	9.50858	9.51553	9.50587	9.16327	9.48521	3
512	90.4	9.81528	9.81268	9.82062	9.81528	9.47488	9.79439	3
512	91.2	10.1315	10.134	10.1436	10.1315	9.82871	10.1422	3
512	92	10.4546	10.4574	10.4666	10.4546	10.1556	10.4656	3
512	92.8	10.7846	10.7814	10.7896	10.7846	10.483	10.7865	3
512	93.6	11.1215	11.1249	11.1326	11.1215	10.836	11.1236	3
512	94.4	11.4653	11.4683	11.4793	11.4653	11.1854	11.467	3
512	95.2	11.8162	11.8138	11.8259	11.8162	11.5535	11.8186	3
512	96	12.1741	12.1781	12.182	12.1741	11.9108	12.1771	3
512	96.8	12.539	12.5424	12.5533	12.539	12.2847	12.5533	3
512	97.6	12.911	12.9086	12.9246	12.911	12.6721	12.9255	3
512	98.4	13.29	13.2943	13.2959	13.29	13.0809	13.3199	3
512	99.2	13.676	13.6801	13.6881	13.676	13.4747	13.7054	3
512	100	14.0691	14.0659	14.0849	14.0691	13.8666	14.0941	3
512	100.8	14.4692	14.4736	14.4816	14.4692	14.2754	14.4949	3
512	101.6	14.8764	14.8813	14.8823	14.8764	14.6989	14.8588	3
512	102.4	15.2905	15.2891	15.3051	15.2905	15.0857	15.2725	3
512	103.2	15.7116	15.7154	15.7279	15.7116	15.5165	15.6937	3
512	104	16.1396	16.1454	16.1507	16.1396	15.9421	16.1256	3
512	104.8	16.5746	16.5754	16.5832	16.5746	16.3868	16.5611	3
512	105.6	17.0163	17.0187	17.0322	17.0163	16.8389	17.0018	3
512	106.4	17.4649	17.471	17.4813	17.4649	17.3006	17.4495	3
512	107.2	17.9201	17.9234	17.9303	17.9201	17.762	17.9018	3
512	108	18.382	18.3817	18.3919	18.382	18.2205	18.3624	3
512	108.8	18.8506	18.8563	18.867	18.8506	18.6924	18.83	3
512	109.6	19.3256	19.3309	19.3421	19.3256	19.2016	19.3133	3
512	110.4	19.807	19.8056	19.8173	19.807	19.6907	19.7943	3
512	111.2	20.2948	20.2988	20.3045	20.2948	20.2291	20.3299	3
512	112	20.7889	20.7953	20.8052	20.7889	20.7312	20.8237	3
512	112.8	21.2891	21.2918	21.3059	21.2891	21.2363	21.3278	3
512	113.6	21.7954	21.7958	21.8066	21.7954	21.771	21.8348	3
512	114.4	22.3076	22.3135	22.3158	22.3076	22.2871	22.3474	3
512	115.2	22.8257	22.8312	22.8411	22.8257	22.7874	22.8475	3
512	116	23.3496	23.3489	23.3665	23.3496	23.3243	23.371	3
512	116.8	23.8791	23.8823	23.8918	23.8791	23.8027	23.8507	3
512	117.6	24.4141	24.4203	24.4194	24.4141	24.3655	24.3854	3
512	118.4	24.9546	24.9584	24.9682	24.9546	24.9052	24.9539	3
512	119.2	25.5003	25.4983	25.5169	25.5003	25.4682	25.5003	3
512	120	26.0513	26.0558	26.0656	26.0513	26.0539	26.0506	3
1024	80	6.30372	6.30503	6.30556	6.30372	5.87633	6.28913	3
1024	80.8	6.536	6.54081	6.53681	6.536	6.11618	6.52115	3
1024	81.6	6.77433	6.77659	6.77649	6.77433	6.36594	6.76103	3
1024	82.4	7.01877	7.02274	7.02085	7.01877	6.61365	7.00532	3
1024	83.2	7.26941	7.27425	7.27032	7.26941	6.87432	7.25565	3
1024	84	7.52632	7.52688	7.52873	7.52632	7.13633	7.51249	3
1024	84.8	7.78957	7.79501	7.7917	7.78957	7.39917	7.77545	3
1024	85.6	8.05923	8.06315	8.06063	8.05923	7.6732	8.0402	3
1024	86.4	8.33536	8.33849	8.33808	8.33536	7.95031	8.31593	3
1024	87.2	8.61803	8.62414	8.61987	8.61803	8.26288	8.61368	3
1024	88	8.9073	8.90979	8.90949	8.9073	8.56259	8.90266	3
1024	88.8	9.20323	9.20811	9.20611	9.20323	8.85875	9.18308	3
1024	89.6	9.50587	9.51217	9.50673	9.50587	9.16327	9.48521	3
1024	90.4	9.81528	9.81623	9.81827	9.81528	9.47488	9.79439	3
1024	91.2	10.1315	10.1376	10.1339	10.1315	9.82871	10.1422	3
1024	92	10.4546	10.4609	10.4569	10.4546	10.1556	10.4656	3
1024	92.8	10.7846	10.7849	10.7878	10.7846	10.483	10.7865	3
1024	93.6	11.1215	11.1283	11.1224	11.1215	10.836	11.1236	3
1024	94.4	11.4653	11.4718	11.4688	11.4653	11.1854	11.467	3
1024	95.2	11.8162	11.8172	11.8184	11.8162	11.5535	11.8186	3
1024	96	12.1741	12.1815	12.1772	12.1741	11.9108	12.1771	3
1024	96.8	12.539	12.5457	12.5422	12.539	12.2847	12.5533	3
1024	97.6	12.911	12.9119	12.9134	12.911	12.6721	12.9255	3
1024	98.4	13.29	13.2976	13.2937	13.29	13.0809	13.3199	3
1024	99.2	13.676	13.6834	13.6775	13.676	13.4747	13.7054	3
1024	100	14.0691	14.0691	14.073	14.0691	13.8666	14.0941	3
1024	100.8	14.4692	14.4768	14.4707	14.4692	14.2754	14.4949	3
1024	101.6	14.8764	14.8845	14.8803	14.8764	14.6989	14.8588	3
1024	102.4	15.2905	15.2922	15.2928	15.2905	15.0857	15.2725	3
1024	103.2	15.7116	15.7186	15.7155	15.7116	15.5165	15.6937	3
1024	104	16.1396	16.1486	16.1425	16.1396	15.9421	16.1256	3
1024	104.8	16.5746	16.5785	16.5783	16.5746	16.3868	16.5611	3
1024	105.6	17.0163	17.0218	17.0195	17.0163	16.8389	17.0018	3
1024	106.4	17.4649	17.4741	17.4684	17.4649	17.3006	17.4495	3
1024	107.2	17.9201	17.9265	17.9235	17.9201	17.762	17.9018	3
1024	108	18.382	18.3848	18.3855	18.382	18.2205	18.3624	3
1024	108.8	18.8506	18.8594	18.8541	18.8506	18.6924	18.83	3
1024	109.6	19.3256	19.334	19.3291	19.3256	19.2016	19.3133	3
1024	110.4	19.807	19.8086	19.8105	19.807	19.6907	19.7943	3
1024	111.2	20.2948	20.3018	20.2984	20.2948	20.2291	20.3299	3
1024	112	20.7889	20.7983	20.7923	20.7889	20.7312	20.8237	3
1024	112.8	21.2891	21.2947	21.2928	21.2891	21.2363	21.3278	3
1024	113.6	21.7954	21.7987	21.7985	21.7954	21.771	21.8348	3
1024	114.4	22.3076	22.3164	22.3115	22.3076	22.2871	22.3474	3
1024	115.2	22.8257	22.8341	22.8284	22.8257	22.7874	22.8475	3
1024	116	23.3496	23.3518	23.3536	23.3496	23.3243	23.371	3
1024	116.8	23.8791	23.8852	23.8812	23.8791	23.8027	23.8507	3
1024	117.6	24.4141	24.4232	24.4183	24.4141	24.3655	24.3854	3
1024	118.4	24.9546	24.9613	24.9558	24.9546	24.9052	24.9539	3
1024	119.2	25.5003	25.5012	25.5045	25.5003	25.4682	25.5003	3
1024	120	26.0513	26.0587	26.0531	26.0513	26.0539	26.0506	3
2048	80	6.30372	6.30503	6.30393	6.30372	5.87633	6.28913	3
2048	80.8	6.536	6.54081	6.53654	6.536	6.11618	6.52115	3
2048	81.6	6.77433	6.77659	6.77479	6.77433	6.36594	6.76103	3
2048	82.4	7.01877	7.02274	7.01905	7.01877	6.61365	7.00532	3
2048	83.2	7.26941	7.27425	7.27	7.26941	6.87432	7.25565	3
2048	84	7.52632	7.52688	7.52687	7.52632	7.13633	7.51249	3
2048	84.8	7.78957	7.79502	7.78973	7.78957	7.39917	7.77545	3
2048	85.6	8.05923	8.06315	8.0598	8.05923	7.6732	8.0402	3
2048	86.4	8.33536	8.33849	8.33603	8.33536	7.95031	8.31593	3
2048	87.2	8.61803	8.62414	8.61853	8.61803	8.26288	8.61368	3
2048	88	8.9073	8.90979	8.90759	8.9073	8.56259	8.90266	3
2048	88.8	9.20323	9.20811	9.20387	9.20323	8.85875	9.18308	3
2048	89.6	9.50587	9.51217	9.50663	9.50587	9.16327	9.48521	3
2048	90.4	9.81528	9.81624	9.81594	9.81528	9.47488	9.79439	3
2048	91.2	10.1315	10.1376	10.1319	10.1315	9.82871	10.1422	3
2048	92	10.4546	10.4609	10.455	10.4546	10.1556	10.4656	3
2048	92.8	10.7846	10.7849	10.7853	10.7846	10.483	10.7865	3
2048	93.6	11.1215	11.1283	11.1223	11.1215	10.836	11.1236	3
2048	94.4	11.4653	11.4718	11.4662	11.4653	11.1854	11.467	3
2048	95.2	11.8162	11.8172	11.8169	11.8162	11.5535	11.8186	3
2048	96	12.1741	12.1815	12.1745	12.1741	11.9108	12.1771	3
2048	96.8	12.539	12.5457	12.5394	12.539	12.2847	12.5533	3
2048	97.6	12.911	12.9119	12.9116	12.911	12.6721	12.9255	3
2048	98.4	13.29	13.2976	13.2908	13.29	13.0809	13.3199	3
2048	99.2	13.676	13.6834	13.677	13.676	13.4747	13.7054	3
2048	100	14.0691	14.0691	14.0701	14.0691	13.8666	14.0941	3
2048	100.8	14.4692	14.4768	14.4702	14.4692	14.2754	14.4949	3
2048	101.6	14.8764	14.8845	14.8773	14.8764	14.6989	14.8588	3
2048	102.4	15.2905	15.2922	15.2914	15.2905	15.0857	15.2725	3
2048	103.2	15.7116	15.7186	15.7124	15.7116	15.5165	15.6937	3
2048	104	16.1396	16.1486	16.1403	16.1396	15.9421	16.1256	3
2048	104.8	16.5746	16.5786	16.5751	16.5746	16.3868	16.5611	3
2048	105.6	17.0163	17.0218	17.0168	17.0163	16.8389	17.0018	3
2048	106.4	17.4649	17.4741	17.4652	17.4649	17.3006	17.4495	3
2048	107.2	17.9201	17.9265	17.9204	17.9201	17.762	17.9018	3
2048	108	18.382	18.3848	18.3823	18.382	18.2205	18.3624	3
2048	108.8	18.8506	18.8594	18.8509	18.8506	18.6924	18.83	3
2048	109.6	19.3256	19.334	19.3259	19.3256	19.2016	19.3133	3
2048	110.4	19.807	19.8086	19.8073	19.807	19.6907	19.7943	3
2048	111.2	20.2948	20.3018	20.2951	20.2948	20.2291	20.3299	3
2048	112	20.7889	20.7983	20.7893	20.7889	20.7312	20.8237	3
2048	112.8	21.2891	21.2947	21.2896	21.2891	21.2363	21.3278	3
2048	113.6	21.7954	21.7987	21.7959	21.7954	21.771	21.8348	3
2048	114.4	22.3076	22.3164	22.3083	22.3076	22.2871	22.3474	3
2048	115.2	22.8257	22.8341	22.8265	22.8257	22.7874	22.8475	3
2048	116	23.3496	23.3518	23.3504	23.3496	23.3243	23.371	3
2048	116.8	23.8791	23.8852	23.88	23.8791	23.8027	23.8507	3
2048	117.6	24.4141	24.4232	24.4151	24.4141	24.3655	24.3854	3
2048	118.4	24.9546	24.9613	24.9556	24.9546	24.9052	24.9539	3
2048	119.2	25.5003	25.5012	25.5014	25.5003	25.4682	25.5003	3
2048	120	26.0513	26.0587	26.0523	26.0513	26.0539	26.0506	3
4096	80	6.30372	6.30503	6.30385	6.30372	5.87633	6.28913	3
4096	80.8	6.536	6.54081	6.53612	6.536	6.11618	6.52115	3
4096	81.6	6.77433	6.77659	6.77437	6.77433	6.36594	6.76103	3
4096	82.4	7.01877	7.02274	7.01891	7.01877	6.61365	7.00532	3
4096	83.2	7.26941	7.27425	7.26955	7.26941	6.87432	7.25565	3
4096	84	7.52632	7.52688	7.5264	7.52632	7.13633	7.51249	3
4096	84.8	7.78957	7.79502	7.78973	7.78957	7.39917	7.77545	3
4096	85.6	8.05923	8.06315	8.05929	8.05923	7.6732	8.0402	3
4096	86.4	8.33536	8.33849	8.33552	8.33536	7.95031	8.31593	3
4096	87.2	8.61803	8.62414	8.61812	8.61803	8.26288	8.61368	3
4096	88	8.9073	8.90979	8.90747	8.9073	8.56259	8.90266	3
4096	88.8	9.20323	9.20811	9.20331	9.20323	8.85875	9.18308	3
4096	89.6	9.50587	9.51217	9.50606	9.50587	9.16327	9.48521	3
4096	90.4	9.81528	9.81624	9.81536	9.81528	9.47488	9.79439	3
4096	91.2	10.1315	10.1376	10.1317	10.1315	9.82871	10.1422	3
4096	92	10.4546	10.4609	10.4548	10.4546	10.1556	10.4656	3
4096	92.8	10.7846	10.7849	10.7847	10.7846	10.483	10.7865	3
4096	93.6	11.1215	11.1283	11.1217	11.1215	10.836	11.1236	3
4096	94.4	11.4653	11.4718	11.4655	11.4653	11.1854	11.467	3
4096	95.2	11.8162	11.8172	11.8163	11.8162	11.5535	11.8186	3
4096	96	12.1741	12.1815	12.1743	12.1741	11.9108	12.1771	3
4096	96.8	12.539	12.5457	12.5392	12.539	12.2847	12.5533	3
4096	97.6	12.911	12.9119	12.9111	12.911	12.6721	12.9255	3
4096	98.4	13.29	13.2976	13.2901	13.29	13.0809	13.3199	3
4096	99.2	13.676	13.6834	13.6762	13.676	13.4747	13.7054	3
4096	100	14.0691	14.0691	14.0694	14.0691	13.8666	14.0941	3
4096	100.8	14.4692	14.4768	14.4695	14.4692	14.2754	14.4949	3
4096	101.6	14.8764	14.8845	14.8765	14.8764	14.6989	14.8588	3
4096	102.4	15.2905	15.2922	15.2906	15.2905	15.0857	15.2725	3
4096	103.2	15.7116	15.7186	15.7118	15.7116	15.5165	15.6937	3
4096	104	16.1396	16.1486	16.1398	16.1396	15.9421	16.1256	3
4096	104.8	16.5746	16.5786	16.5748	16.5746	16.3868	16.5611	3
4096	105.6	17.0163	17.0218	17.0166	17.0163	16.8389	17.0018	3
4096	106.4	17.4649	17.4741	17.4651	17.4649	17.3006	17.4495	3
4096	107.2	17.9201	17.9265	17.9204	17.9201	17.762	17.9018	3
4096	108	18.382	18.3848	18.3823	18.382	18.2205	18.3624	3
4096	108.8	18.8506	18.8594	18.8508	18.8506	18.6924	18.83	3
4096	109.6	19.3256	19.334	19.3258	19.3256	19.2016	19.3133	3
4096	110.4	19.807	19.8086	19.8073	19.807	19.6907	19.7943	3
4096	111.2	20.2948	20.3018	20.2951	20.2948	20.2291	20.3299	3
4096	112	20.7889	20.7983	20.7892	20.7889	20.7312	20.8237	3
4096	112.8	21.2891	21.2947	21.2894	21.2891	21.2363	21.3278	3
4096	113.6	21.7954	21.7987	21.7956	21.7954	21.771	21.8348	3
4096	114.4	22.3076	22.3164	22.3078	22.3076	22.2871	22.3474	3
4096	115.2	22.8257	22.8341	22.8259	22.8257	22.7874	22.8475	3
4096	116	23.3496	23.3518	23.3496	23.3496	23.3243	23.371	3
4096	116.8	23.8791	23.8852	23.8792	23.8791	23.8027	23.8507	3
4096	117.6	24.4141	24.4232	24.4143	24.4141	24.3655	24.3854	3
4096	118.4	24.9546	24.9613	24.9548	24.9546	24.9052	24.9539	3
4096	119.2	25.5003	25.5012	25.5006	25.5003	25.4682	25.5003	3
4096	120	26.0513	26.0587	26.0515	26.0513	26.0539	26.0506	3
8192	80	6.30372	6.30503	6.30375	6.30372	5.87633	6.28913	3
8192	80.8	6.536	6.54081	6.53602	6.536	6.11618	6.52115	3
8192	81.6	6.77433	6.77659	6.77436	6.77433	6.36594	6.76103	3
8192	82.4	7.01877	7.02274	7.0188	7.01877	6.61365	7.00532	3
8192	83.2	7.26941	7.27425	7.26943	7.26941	6.87432	7.25565	3
8192	84	7.52632	7.52688	7.52636	7.52632	7.13633	7.51249	3
8192	84.8	7.78957	7.79502	7.78961	7.78957	7.39917	7.77545	3
8192	85.6	8.05923	8.06315	8.05927	8.05923	7.6732	8.0402	3
8192	86.4	8.33536	8.33849	8.3354	8.33536	7.95031	8.31593	3
8192	87.2	8.61803	8.62414	8.61807	8.61803	8.26288	8.61368	3
8192	88	8.9073	8.90979	8.90734	8.9073	8.56259	8.90266	3
8192	88.8	9.20323	9.20811	9.20327	9.20323	8.85875	9.18308	3
8192	89.6	9.50587	9.51217	9.50592	9.50587	9.16327	9.48521	3
8192	90.4	9.81528	9.81624	9.81533	9.81528	9.47488	9.79439	3
8192	91.2	10.1315	10.1376	10.1315	10.1315	9.82871	10.1422	3
8192	92	10.4546	10.4609	10.4546	10.4546	10.1556	10.4656	3
8192	92.8	10.7846	10.7849	10.7846	10.7846	10.483	10.7865	3
8192	93.6	11.1215	11.1283	11.1215	11.1215	10.836	11.1236	3
8192	94.4	11.4653	11.4718	11.4654	11.4653	11.1854	11.467	3
8192	95.2	11.8162	11.8172	11.8163	11.8162	11.5535	11.8186	3
8192	96	12.1741	12.1815	12.1741	12.1741	11.9108	12.1771	3
8192	96.8	12.539	12.5457	12.5391	12.539	12.2847	12.5533	3
8192	97.6	12.911	12.9119	12.911	12.911	12.6721	12.9255	3
8192	98.4	13.29	13.2976	13.29	13.29	13.0809	13.3199	3
8192	99.2	13.676	13.6834	13.676	13.676	13.4747	13.7054	3
8192	100	14.0691	14.0691	14.0692	14.0691	13.8666	14.0941	3
8192	100.8	14.4692	14.4768	14.4693	14.4692	14.2754	14.4949	3
8192	101.6	14.8764	14.8845	14.8764	14.8764	14.6989	14.8588	3
8192	102.4	15.2905	15.2922	15.2906	15.2905	15.0857	15.2725	3
8192	103.2	15.7116	15.7186	15.7117	15.7116	15.5165	15.6937	3
8192	104	16.1396	16.1486	16.1397	16.1396	15.9421	16.1256	3
8192	104.8	16.5746	16.5786	16.5746	16.5746	16.3868	16.5611	3
8192	105.6	17.0163	17.0218	17.0164	17.0163	16.8389	17.0018	3
8192	106.4	17.4649	17.4741	17.4649	17.4649	17.3006	17.4495	3
8192	107.2	17.9201	17.9265	17.9202	17.9201	17.762	17.9018	3
8192	108	18.382	18.3848	18.3821	18.382	18.2205	18.3624	3
8192	108.8	18.8506	18.8594	18.8506	18.8506	18.6924	18.83	3
8192	109.6	19.3256	19.334	19.3256	19.3256	19.2016	19.3133	3
8192	110.4	19.807	19.8086	19.8071	19.807	19.6907	19.7943	3
8192	111.2	20.2948	20.3018	20.2949	20.2948	20.2291	20.3299	3
8192	112	20.7889	20.7983	20.7889	20.7889	20.7312	20.8237	3
8192	112.8	21.2891	21.2947	21.2892	21.2891	21.2363	21.3278	3
8192	113.6	21.7954	21.7987	21.7954	21.7954	21.771	21.8348	3
8192	114.4	22.3076	22.3164	22.3076	22.3076	22.2871	22.3474	3
8192	115.2	22.8257	22.8341	22.8258	22.8257	22.7874	22.8475	3
8192	116	23.3496	23.3518	23.3496	23.3496	23.3243	23.371	3
8192	116.8	23.8791	23.8852	23.8791	23.8791	23.8027	23.8507	3
8192	117.6	24.4141	24.4232	24.4141	24.4141	24.3655	24.3854	3
8192	118.4	24.9546	24.9613	24.9546	24.9546	24.9052	24.9539	3
8192	119.2	25.5003	25.5012	25.5004	25.5003	25.4682	25.5003	3
8192	120	26.0513	26.0587	26.0513	26.0513	26.0539	26.0506	3
